{
    "loss": [
        2.613344192504883,
        2.5358622074127197,
        2.546124219894409,
        2.530717134475708,
        2.5390584468841553,
        2.5317323207855225,
        2.532726764678955,
        2.534630537033081,
        2.5341806411743164,
        2.530881404876709,
        2.5379292964935303,
        2.525414228439331,
        2.541563034057617,
        2.520515203475952,
        2.5346310138702393,
        2.526256799697876,
        2.531304359436035,
        2.528555393218994,
        2.5314950942993164,
        2.5274579524993896,
        2.534799337387085,
        2.523338556289673,
        2.535367727279663,
        2.522268056869507,
        2.5297529697418213,
        2.5275659561157227,
        2.5290393829345703,
        2.5281660556793213,
        2.535015344619751,
        2.522217035293579
    ],
    "policy_output_kl_divergence": [
        0.23073798418045044,
        0.1585773229598999,
        0.1520281732082367,
        0.15109309554100037,
        0.14818252623081207,
        0.1482883244752884,
        0.14660215377807617,
        0.14627881348133087,
        0.14493992924690247,
        0.1455814391374588,
        0.14359864592552185,
        0.14508198201656342,
        0.1429552137851715,
        0.14433665573596954,
        0.14252446591854095,
        0.14344573020935059,
        0.14200927317142487,
        0.14288561046123505,
        0.14184843003749847,
        0.14202944934368134,
        0.14114640653133392,
        0.14179272949695587,
        0.14033734798431396,
        0.1421426683664322,
        0.1411328911781311,
        0.14099855720996857,
        0.14122511446475983,
        0.1406925618648529,
        0.14077088236808777,
        0.1411939263343811
    ],
    "policy_output_loss": [
        2.606788396835327,
        2.532193422317505,
        2.5428943634033203,
        2.5275518894195557,
        2.5361008644104004,
        2.528970241546631,
        2.530247211456299,
        2.531867504119873,
        2.5319204330444336,
        2.528292417526245,
        2.5356945991516113,
        2.5229806900024414,
        2.5392849445343018,
        2.5183215141296387,
        2.532468795776367,
        2.524127960205078,
        2.5293447971343994,
        2.5263710021972656,
        2.5294644832611084,
        2.525470495223999,
        2.5329537391662598,
        2.5213286876678467,
        2.533393621444702,
        2.520477533340454,
        2.5279159545898438,
        2.5257391929626465,
        2.5272345542907715,
        2.5263454914093018,
        2.533169746398926,
        2.520480155944824
    ],
    "policy_output_top_5_accuracy": [
        0.740079402923584,
        0.8041576147079468,
        0.8207080960273743,
        0.8296201825141907,
        0.8423561453819275,
        0.8397840857505798,
        0.8535569906234741,
        0.8546177744865417,
        0.8622812628746033,
        0.861175000667572,
        0.8700383305549622,
        0.866873562335968,
        0.8724339008331299,
        0.8744187951087952,
        0.8803982138633728,
        0.874131441116333,
        0.8820662498474121,
        0.8796617388725281,
        0.8851536512374878,
        0.8836992979049683,
        0.8890795111656189,
        0.8857267498970032,
        0.8921758532524109,
        0.8831785917282104,
        0.889796257019043,
        0.8863929510116577,
        0.8864296674728394,
        0.8886772990226746,
        0.8866775631904602,
        0.8851678967475891
    ],
    "val_loss": [
        2.582901954650879,
        2.5753014087677,
        2.5723211765289307,
        2.5693345069885254,
        2.569389581680298,
        2.5695888996124268,
        2.5674631595611572,
        2.566136598587036,
        2.566474199295044,
        2.566740036010742,
        2.5656299591064453,
        2.565652370452881,
        2.5648140907287598,
        2.565007448196411,
        2.5649795532226562,
        2.5638437271118164,
        2.564862012863159,
        2.565258502960205,
        2.5634145736694336,
        2.5646896362304688,
        2.563490152359009,
        2.5634982585906982,
        2.563598155975342,
        2.562441110610962,
        2.562284231185913,
        2.562455892562866,
        2.5634186267852783,
        2.562230348587036,
        2.5625579357147217,
        2.5627126693725586
    ],
    "val_policy_output_kl_divergence": [
        0.16673149168491364,
        0.15431655943393707,
        0.15068820118904114,
        0.1519661396741867,
        0.1509091556072235,
        0.14648881554603577,
        0.14742442965507507,
        0.14695295691490173,
        0.1462472528219223,
        0.14827653765678406,
        0.14650602638721466,
        0.14417314529418945,
        0.14375552535057068,
        0.14697323739528656,
        0.14743672311306,
        0.1423112452030182,
        0.14422905445098877,
        0.14717066287994385,
        0.14541392028331757,
        0.1443309783935547,
        0.14414846897125244,
        0.14256426692008972,
        0.14436957240104675,
        0.14384107291698456,
        0.14279364049434662,
        0.1432071030139923,
        0.1443757265806198,
        0.14294098317623138,
        0.14345498383045197,
        0.14359050989151
    ],
    "val_policy_output_loss": [
        2.577472686767578,
        2.5705370903015137,
        2.5676305294036865,
        2.5649425983428955,
        2.565532684326172,
        2.5652785301208496,
        2.5638227462768555,
        2.56233811378479,
        2.562755823135376,
        2.5632450580596924,
        2.562199354171753,
        2.562227725982666,
        2.561518669128418,
        2.56168270111084,
        2.561912775039673,
        2.5606253147125244,
        2.5616204738616943,
        2.562209129333496,
        2.560441255569458,
        2.5615813732147217,
        2.560532808303833,
        2.560551643371582,
        2.560656785964966,
        2.559540271759033,
        2.5594584941864014,
        2.5595929622650146,
        2.560530662536621,
        2.559401512145996,
        2.559710741043091,
        2.55987286567688
    ],
    "val_policy_output_top_5_accuracy": [
        0.7590801119804382,
        0.7957523465156555,
        0.7908200621604919,
        0.7967615127563477,
        0.7882949709892273,
        0.7764672040939331,
        0.7836503982543945,
        0.8083150386810303,
        0.8044133186340332,
        0.8039671778678894,
        0.815376877784729,
        0.7995709180831909,
        0.7991809844970703,
        0.8258785605430603,
        0.8278485536575317,
        0.8337247967720032,
        0.7964142560958862,
        0.813897967338562,
        0.8302938938140869,
        0.8063079714775085,
        0.8292117118835449,
        0.8280002474784851,
        0.8260190486907959,
        0.8405832052230835,
        0.847130298614502,
        0.8394717574119568,
        0.8230826258659363,
        0.8439410328865051,
        0.8359172940254211,
        0.8340933918952942
    ],
    "val_value_output_loss": [
        0.005430080462247133,
        0.004765758756548166,
        0.00469229556620121,
        0.00439533032476902,
        0.0038556084036827087,
        0.00431433878839016,
        0.0036415078211575747,
        0.0037963681388646364,
        0.0037199542857706547,
        0.003494325326755643,
        0.003431708784773946,
        0.0034283928107470274,
        0.0032917580101639032,
        0.0033275908790528774,
        0.003070523962378502,
        0.0032174389343708754,
        0.0032398102339357138,
        0.0030523035675287247,
        0.0029748566448688507,
        0.0031101263593882322,
        0.002956848591566086,
        0.002943586092442274,
        0.0029429318383336067,
        0.0028998330235481262,
        0.0028290245682001114,
        0.0028660425450652838,
        0.0028894362039864063,
        0.0028291407506912947,
        0.0028500393964350224,
        0.0028398525901138783
    ],