{
    "loss": [
        3.1732099056243896,
        2.9821395874023438,
        2.9598512649536133,
        2.9440367221832275,
        2.9276716709136963,
        2.9128658771514893,
        2.8983993530273438,
        2.88527774810791,
        2.872913122177124,
        2.861252546310425,
        2.850644826889038,
        2.839846134185791,
        2.8305726051330566
    ],
    "policy_output_kl_divergence": [
        0.3599364757537842,
        0.1637360155582428,
        0.15574924647808075,
        0.1528201848268509,
        0.15151740610599518,
        0.15056531131267548,
        0.14986634254455566,
        0.14947113394737244,
        0.1491726189851761,
        0.14884057641029358,
        0.14862558245658875,
        0.14844761788845062,
        0.14823901653289795
    ],
    "policy_output_loss": [
        2.5098438262939453,
        2.350773811340332,
        2.3441455364227295,
        2.341825008392334,
        2.340752601623535,
        2.339916706085205,
        2.339444160461426,
        2.3390650749206543,
        2.3388724327087402,
        2.3386638164520264,
        2.338557243347168,
        2.338280439376831,
        2.338212728500366
    ],
    "policy_output_top_5_accuracy": [
        0.7371949553489685,
        0.822665810585022,
        0.8346783518791199,
        0.8404480814933777,
        0.8431419730186462,
        0.84552401304245,
        0.8474996089935303,
        0.8489306569099426,
        0.8497694730758667,
        0.8501351475715637,
        0.8515796661376953,
        0.8516018986701965,
        0.852721095085144
    ],
    "val_loss": [
        3.0201892852783203,
        3.0110483169555664,
        3.0016398429870605,
        3.0237321853637695,
        3.0247721672058105,
        3.0348470211029053,
        3.0429952144622803,
        3.0571069717407227,
        3.078794479370117,
        3.073875904083252,
        3.080373525619507,
        3.088465929031372,
        3.0935137271881104
    ],
    "val_policy_output_kl_divergence": [
        0.17311948537826538,
        0.16150037944316864,
        0.15660712122917175,
        0.1578799933195114,
        0.15643742680549622,
        0.15060102939605713,
        0.1462285816669464,
        0.15153880417346954,
        0.14730694890022278,
        0.14794307947158813,
        0.15105532109737396,
        0.14631269872188568,
        0.14752840995788574
    ],
    "val_policy_output_loss": [
        2.3605434894561768,
        2.346771717071533,
        2.3436625003814697,
        2.3425705432891846,
        2.3430235385894775,
        2.343032121658325,
        2.341104507446289,
        2.3400869369506836,
        2.342007637023926,
        2.3404390811920166,
        2.3414227962493896,
        2.341188430786133,
        2.339963436126709
    ],
    "val_policy_output_top_5_accuracy": [
        0.8101422786712646,
        0.8285747766494751,
        0.8280953168869019,
        0.8387311697006226,
        0.8475701212882996,
        0.8605741858482361,
        0.8461150527000427,
        0.8451060652732849,
        0.830838680267334,
        0.8302925229072571,
        0.8004819750785828,
        0.8439511656761169,
        0.8430964350700378
    ],
    "val_value_output_loss": [
        0.6595783829689026,
        0.6642139554023743,
        0.6579118967056274,
        0.6811096668243408,
        0.6816815137863159,
        0.6917499899864197,
        0.70183265209198,
        0.716989278793335,
        0.7367281913757324,
        0.7333968281745911,
        0.7388970851898193,
        0.7472268342971802,
        0.7535044550895691
    ],
    "val_value_output_mean_absolute_error": [
        0.6566598415374756,
        0.6663954854011536,
        0.6521549820899963,
        0.645658016204834,
        0.6435489654541016,
        0.6534465551376343,
        0.6482565999031067,
        0.6477527618408203,
        0.6472304463386536,
        0.6446048021316528,
        0.6384490132331848,
        0.6407627463340759,
        0.6468187570571899
    ],
    "value_output_loss": [
        0.6633735299110413,
        0.6313728094100952,
        0.6157053112983704,
        0.6022077798843384,
        0.5869290232658386,
        0.572949230670929,
        0.5589537620544434,
        0.5462161898612976,
        0.5340343117713928,
        0.5225910544395447,
        0.5120841860771179,
        0.5015667080879211,
        0.4923594295978546
    ],
    "value_output_mean_absolute_error": [
        0.667455792427063,
        0.6367132663726807,
        0.621052622795105,
        0.6073302030563354,
        0.5915622711181641,
        0.5773922204971313,
        0.563113808631897,
        0.5503217577934265,
        0.537495493888855,
        0.5257964134216309,
        0.514970064163208,
        0.5041086077690125,
        0.49467888474464417
    ]
}